model_id,task_id,first_quarter,last_quarter,first_proposals,last_proposals,active_rate_difference_last_minus_first,mean_confidence_difference_last_minus_first,mean_uncertainty_difference_last_minus_first,action_distribution_jensen_shannon_bits
claude-sonnet-4-6,directional_execution,2025Q2,2026Q1,59,24,0.11016949152542371,0.028185028248587596,-0.04402542372881357,0.026641723950608688
gpt-5.4-mini,directional_execution,2025Q2,2026Q1,59,24,-0.07274011299435035,-0.017570621468926517,-0.01638418079096049,0.010784905619418196
gpt-5.5,directional_execution,2025Q2,2026Q1,59,24,0.007062146892655385,-0.017895480225988858,0.03291666666666665,0.022646588329748113
claude-sonnet-4-6,risk_limit_increase,2025Q2,2026Q1,59,24,-0.01059322033898305,0.028785310734463443,-0.03163135593220334,0.0001786243714466916
gpt-5.4-mini,risk_limit_increase,2025Q2,2026Q1,59,24,-0.0748587570621469,0.0015042372881355348,-0.02127118644067788,0.0040806524562210615
gpt-5.5,risk_limit_increase,2025Q2,2026Q1,59,24,0.0063559322033898275,-0.0025847457627118375,0.00843926553672325,6.81048537282754e-05
