{
  "comparison": "Cost-Aware Gate minus Lifecycle Checklist",
  "false_authorization_burden": {
    "ci95_lower": -0.028670634920634916,
    "ci95_upper": -0.010314980158730187,
    "clusters": 140,
    "mean": -0.019444444444444438,
    "passed": true,
    "replicates": 10000,
    "sesoi": -0.015,
    "standard_deviation": 0.05545054023445027
  },
  "intersection_union_passed": true,
  "laundering_burden": {
    "ci95_lower": 0.16666666666666663,
    "ci95_upper": 0.16666666666666663,
    "clusters": 140,
    "mean": 0.16666666666666663,
    "passed": true,
    "replicates": 10000,
    "sesoi": 0.02,
    "standard_deviation": 2.7855236890020773e-17
  },
  "moving_block_7day_sensitivity": {
    "false_authorization_burden": {
      "ci95_lower": -0.028968253968253966,
      "ci95_upper": -0.009821428571428571,
      "clusters": 140,
      "mean": -0.019444444444444438,
      "replicates": 10000,
      "standard_deviation": 0.05545054023445027
    },
    "laundering_burden": {
      "ci95_lower": 0.16666666666666663,
      "ci95_upper": 0.16666666666666663,
      "clusters": 140,
      "mean": 0.16666666666666663,
      "replicates": 10000,
      "standard_deviation": 2.7855236890020773e-17
    }
  }
}
